RequestID;Requester;Object
1;3;2
2;131;1
3;124;4
4;82;1
5;187;3
6;148;2
7;149;4
8;71;1
9;185;2
10;92;4
11;94;1
12;70;4
13;60;4
14;200;3
15;116;3
16;34;2
17;33;4
18;187;4
19;88;4
20;84;2
21;178;4
22;55;2
23;127;2
24;19;3
25;143;2
26;91;1
27;194;4
28;36;1
29;27;3
30;123;2
31;1;4
32;164;1
33;24;2
34;45;3
35;169;4
36;88;3
37;111;2
38;24;1
39;19;2
40;52;2
41;40;2;16
42;40;2;16
43;40;2;16
44;40;2;16
45;40;2;16
46;45;5;8
47;45;5;8
48;45;5;8
49;45;5;8
50;45;5;8
51;50;1;8
52;50;1;8
53;50;1;8
54;50;1;8
55;50;1;8
